# {"t_start": 1635251902.216905, "env_id": "BipedalWalkerHardcore-v2"} 
r,l,t
286.420569,968,1.664366
-53.527034,419,2.383172
-3.114067,330,2.949407
165.199172,963,4.594059
126.928765,750,5.872807
233.223186,1648,8.676835
280.016103,1060,10.477969
290.049643,961,12.113336
60.200804,531,13.018411
-37.709745,263,13.473019
